what,kind,bundleId,bundleVersion,description,time
started,bundle,org.eclipse.datatools.sqltools.result.ui,1.1.2.v201110010535,"org.eclipse.datatools.sqltools.result.ui",1362690505620
opened,view,org.eclipse.datatools.sqltools.result.ui,1.1.2.v201110010535,"org.eclipse.datatools.sqltools.result.resultView",1362690505758
activated,view,org.eclipse.datatools.sqltools.result.ui,1.1.2.v201110010535,"org.eclipse.datatools.sqltools.result.resultView",1362690505790
executed,command,org.eclipse.ui,3.7.0.v20110928-1505,"org.eclipse.ui.views.showView",1362690505791
executed,command,org.eclipse.ui,3.7.0.v20110928-1505,"org.eclipse.ui.views.showView",1362690505791
activated,view,org.eclipse.ui.views,3.6.0.v20110928-1505,"org.eclipse.ui.views.PropertySheet",1362690507795
activated,view,org.eclipse.datatools.sqltools.result.ui,1.1.2.v201110010535,"org.eclipse.datatools.sqltools.result.resultView",1362690508530
closed,view,org.eclipse.ui.views,3.6.0.v20110928-1505,"org.eclipse.ui.views.PropertySheet",1362690508539
deactivated,workbench,org.eclipse.ui.workbench,3.7.1.v20120104-1859,"",1362690509590
activated,workbench,org.eclipse.ui.workbench,3.7.1.v20120104-1859,"",1362690515307
activated,view,org.eclipse.wst.server.ui,1.3.0.v20120210_1439,"org.eclipse.wst.server.ui.ServersView",1362690517871
started,bundle,org.eclipse.wst.common.snippets,1.2.100.v201103281740,"org.eclipse.wst.common.snippets",1362690518914
started,bundle,org.eclipse.gef,3.7.2.v20111106-2020,"org.eclipse.gef",1362690518936
started,bundle,org.eclipse.draw2d,3.7.2.v20111017-2020,"org.eclipse.draw2d",1362690518968
opened,view,org.eclipse.wst.common.snippets,1.2.100.v201103281740,"org.eclipse.wst.common.snippets.internal.ui.SnippetsView",1362690519260
opened,view,org.eclipse.mylyn.tasks.ui,3.6.5.v20120215-0100,"org.eclipse.mylyn.tasks.ui.views.tasks",1362690521380
activated,view,org.eclipse.mylyn.tasks.ui,3.6.5.v20120215-0100,"org.eclipse.mylyn.tasks.ui.views.tasks",1362690521433
activated,view,org.eclipse.wst.server.ui,1.3.0.v20120210_1439,"org.eclipse.wst.server.ui.ServersView",1362690522112
activated,view,org.eclipse.ui.views,3.6.0.v20110928-1505,"org.eclipse.ui.views.ContentOutline",1362690522803
activated,view,org.eclipse.wst.server.ui,1.3.0.v20120210_1439,"org.eclipse.wst.server.ui.ServersView",1362690523429
activated,view,org.eclipse.wst.common.snippets,1.2.100.v201103281740,"org.eclipse.wst.common.snippets.internal.ui.SnippetsView",1362690524664
deactivated,workbench,org.eclipse.ui.workbench,3.7.1.v20120104-1859,"",1362690533441
activated,workbench,org.eclipse.ui.workbench,3.7.1.v20120104-1859,"",1362690537168
opened,view,org.eclipse.debug.ui,3.7.102.v20111129-1423_r372,"org.eclipse.debug.ui.DebugView",1362690537320
activated,view,org.eclipse.debug.ui,3.7.102.v20111129-1423_r372,"org.eclipse.debug.ui.DebugView",1362690537349
executed,command,org.eclipse.ui,3.7.0.v20110928-1505,"org.eclipse.ui.views.showView",1362690537349
executed,command,org.eclipse.ui,3.7.0.v20110928-1505,"org.eclipse.ui.views.showView",1362690537350
activated,view,org.eclipse.wst.common.snippets,1.2.100.v201103281740,"org.eclipse.wst.common.snippets.internal.ui.SnippetsView",1362690540392
activated,view,org.eclipse.debug.ui,3.7.102.v20111129-1423_r372,"org.eclipse.debug.ui.DebugView",1362690541333
closed,view,org.eclipse.wst.common.snippets,1.2.100.v201103281740,"org.eclipse.wst.common.snippets.internal.ui.SnippetsView",1362690541335
activated,view,org.eclipse.wst.server.ui,1.3.0.v20120210_1439,"org.eclipse.wst.server.ui.ServersView",1362690542901
deactivated,workbench,org.eclipse.ui.workbench,3.7.1.v20120104-1859,"",1362690547913
activated,workbench,org.eclipse.ui.workbench,3.7.1.v20120104-1859,"",1362690550337
executed,command,org.eclipse.ui,3.7.0.v20110928-1505,"org.eclipse.ui.window.savePerspective",1362690550356
deactivated,workbench,org.eclipse.ui.workbench,3.7.1.v20120104-1859,"",1362690562807
activated,workbench,org.eclipse.ui.workbench,3.7.1.v20120104-1859,"",1362690589451
activated,view,org.eclipse.ui.navigator.resources,3.4.300.v20110928-1505,"org.eclipse.ui.navigator.ProjectExplorer",1362690591086
started,bundle,org.eclipse.jst.ws.jaxws.dom.integration,1.0.101.v201201031437,"org.eclipse.jst.ws.jaxws.dom.integration",1362690591098
started,bundle,org.eclipse.jst.ws.jaxws.dom.ui,1.0.0.v201004171919,"org.eclipse.jst.ws.jaxws.dom.ui",1362690591109
started,bundle,org.eclipse.jpt.jpa.ui,3.0.2.v201201243020,"org.eclipse.jpt.jpa.ui",1362690591165
started,bundle,org.eclipse.jpt.common.ui,1.0.1.v201201260000,"org.eclipse.jpt.common.ui",1362690591176
started,bundle,org.eclipse.jst.j2ee.ejb,1.1.505.v201202020200,"org.eclipse.jst.j2ee.ejb",1362690591185
started,bundle,org.eclipse.jst.j2ee.jca,1.1.501.v201111030500,"org.eclipse.jst.j2ee.jca",1362690591192
started,bundle,org.eclipse.jst.j2ee.web,1.1.502.v201202090300,"org.eclipse.jst.j2ee.web",1362690591199
started,bundle,org.eclipse.jst.jee.ejb,1.0.301.v201007070821,"org.eclipse.jst.jee.ejb",1362690591207
started,bundle,org.eclipse.jst.jee.web,1.0.301.v201007070907,"org.eclipse.jst.jee.web",1362690591210
started,bundle,org.eclipse.jpt.jpa.eclipselink.core,2.0.2.v201111103010,"org.eclipse.jpt.jpa.eclipselink.core",1362690591214
started,bundle,org.eclipse.jpt.jpa.db,2.0.0.v201105030000,"org.eclipse.jpt.jpa.db",1362690591264
started,bundle,org.eclipse.xsd,2.7.1.v20120130-0943,"org.eclipse.xsd",1362690591317
started,bundle,org.eclipse.pde.core,3.7.1.v20120103_r372,"org.eclipse.pde.core",1362690591558
started,bundle,org.eclipse.datatools.sqltools.editor.core,1.0.1.v201201131129,"org.eclipse.datatools.sqltools.editor.core",1362690595429
started,bundle,org.eclipse.datatools.enablement.sybase.asa.schemaobjecteditor.examples,2.5.0.200810071,"org.eclipse.datatools.enablement.sybase.asa.schemaobjecteditor.examples",1362690595455
started,bundle,org.eclipse.datatools.sqltools.db.generic,1.0.0.v201107221520,"org.eclipse.datatools.sqltools.db.generic",1362690595463
started,bundle,org.eclipse.datatools.sqltools.db.derby,1.0.0.v201107221520,"org.eclipse.datatools.sqltools.db.derby",1362690595468
started,bundle,org.eclipse.datatools.modelbase.dbdefinition,1.0.2.v201107221519,"org.eclipse.datatools.modelbase.dbdefinition",1362690595491
started,bundle,org.eclipse.datatools.enablement.sybase.models,1.0.0.v201010140307,"org.eclipse.datatools.enablement.sybase.models",1362690595499
started,bundle,org.eclipse.jpt.jpa.eclipselink.ui,2.0.1.v201108080010,"org.eclipse.jpt.jpa.eclipselink.ui",1362690595949
started,bundle,org.eclipse.jst.servlet.ui,1.1.502.v201202011054,"org.eclipse.jst.servlet.ui",1362690595970
deactivated,workbench,org.eclipse.ui.workbench,3.7.1.v20120104-1859,"",1362690598510
activated,workbench,org.eclipse.ui.workbench,3.7.1.v20120104-1859,"",1362690599760
activated,view,org.eclipse.ui.ide,3.7.0.v20110928-1505,"org.eclipse.ui.views.ProblemView",1362690605660
activated,view,org.eclipse.ui.navigator.resources,3.4.300.v20110928-1505,"org.eclipse.ui.navigator.ProjectExplorer",1362690609299
started,bundle,org.eclipse.wst.ws.service.policy.ui,1.0.300.v201108240515,"org.eclipse.wst.ws.service.policy.ui",1362690609907
started,bundle,org.eclipse.wst.ws.service.policy,1.0.303.v201009221810,"org.eclipse.wst.ws.service.policy",1362690609922
started,bundle,org.eclipse.wst.command.env,1.0.409.v201004211805,"org.eclipse.wst.command.env",1362690609980
started,bundle,org.eclipse.wst.ws,1.1.203.v201004211805,"org.eclipse.wst.ws",1362690609981
started,bundle,org.eclipse.compare.core,3.5.200.I20110208-0800,"org.eclipse.compare.core",1362690610964
started,bundle,org.eclipse.compare,3.5.202.R37x_v20111109-0800,"org.eclipse.compare",1362690610976
started,bundle,org.eclipse.m2e.core.ui,1.3.1.20130219-1424,"org.eclipse.m2e.core.ui",1362690615888
deactivated,workbench,org.eclipse.ui.workbench,3.7.1.v20120104-1859,"",1362690615990
activated,workbench,org.eclipse.ui.workbench,3.7.1.v20120104-1859,"",1362690620637
started,bundle,org.eclipse.m2e.editor.xml,1.3.1.20130219-1424,"org.eclipse.m2e.editor.xml",1362690620710
deactivated,workbench,org.eclipse.ui.workbench,3.7.1.v20120104-1859,"",1362690623125
error,log,,,"[Working copy] __2F_Sample_2F_src_2F_main_2F_webapp_2F_views_2F_customer_2F_action_2D_2_2E_jsp.java [in <default> [in src/main/java [in Sample]]] does not exist",1362690640033
started,bundle,org.eclipse.datatools.enablement.sap.maxdb,1.0.0.v201107221507,"org.eclipse.datatools.enablement.sap.maxdb",1362690641143
activated,workbench,org.eclipse.ui.workbench,3.7.1.v20120104-1859,"",1362690661354
activated,view,org.eclipse.ui.ide,3.7.0.v20110928-1505,"org.eclipse.ui.views.ProblemView",1362690664435
started,bundle,org.eclipse.ltk.core.refactoring,3.5.201.r372_v20111101-0700,"org.eclipse.ltk.core.refactoring",1362690664516
activated,view,org.eclipse.ui.navigator.resources,3.4.300.v20110928-1505,"org.eclipse.ui.navigator.ProjectExplorer",1362690674717
started,bundle,org.eclipse.equinox.p2.garbagecollector,1.0.200.v20110815-1419,"org.eclipse.equinox.p2.garbagecollector",1362690684821
started,bundle,org.eclipse.ltk.ui.refactoring,3.6.0.v20110928-1453,"org.eclipse.ltk.ui.refactoring",1362690692675
deactivated,workbench,org.eclipse.ui.workbench,3.7.1.v20120104-1859,"",1362690692987
started,bundle,org.eclipse.ant.ui,3.5.101.v20120110-1739,"org.eclipse.ant.ui",1362690694805
started,bundle,org.eclipse.pde.launching,3.6.0.v20110506,"org.eclipse.pde.launching",1362690694830
started,bundle,org.eclipse.ui.views.log,1.0.200.v20110404,"org.eclipse.ui.views.log",1362690694834
started,bundle,org.eclipse.pde.ui,3.6.100.v20120103_r372,"org.eclipse.pde.ui",1362690694842
started,bundle,org.eclipse.wst.jsdt.debug.rhino.ui,1.0.1.v201201112313,"org.eclipse.wst.jsdt.debug.rhino.ui",1362690694865
activated,workbench,org.eclipse.ui.workbench,3.7.1.v20120104-1859,"",1362690697768
executed,command,org.eclipse.jdt.ui,3.7.2.v20120109-1427,"org.eclipse.jdt.ui.edit.text.java.rename.element",1362690697775
started,bundle,org.eclipse.m2e.editor,1.3.1.20130219-1424,"org.eclipse.m2e.editor",1362690702303
started,bundle,org.eclipse.wst.xml.ui,1.1.202.v201112071516,"org.eclipse.wst.xml.ui",1362690703181
started,bundle,org.eclipse.wst.dtd.ui,1.0.600.v201103171359,"org.eclipse.wst.dtd.ui",1362690704379
started,bundle,org.eclipse.wst.xsl.ui,1.1.200.v201103082057,"org.eclipse.wst.xsl.ui",1362690704670
started,bundle,org.eclipse.core.variables,3.2.500.v20110928-1503,"org.eclipse.core.variables",1362690706848
opened,editor,org.eclipse.m2e.editor,1.3.1.20130219-1424,"org.eclipse.m2e.editor.MavenPomEditor",1362690707371
activated,editor,org.eclipse.m2e.editor,1.3.1.20130219-1424,"org.eclipse.m2e.editor.MavenPomEditor",1362690707599
deactivated,workbench,org.eclipse.ui.workbench,3.7.1.v20120104-1859,"",1362690711070
activated,view,org.eclipse.search,3.7.0.v20110928-1504,"org.eclipse.search.ui.views.SearchView",1362690721120
activated,workbench,org.eclipse.ui.workbench,3.7.1.v20120104-1859,"",1362690721311
started,bundle,org.eclipse.pde,3.7.2.v201202080800,"org.eclipse.pde",1362690721329
executed,command,org.eclipse.search,3.7.0.v20110928-1504,"org.eclipse.search.ui.openSearchDialog",1362690721347
started,bundle,org.eclipse.equinox.simpleconfigurator.manipulator,2.0.0.v20110815-1438,"org.eclipse.equinox.simpleconfigurator.manipulator",1362690721465
started,bundle,org.eclipse.equinox.frameworkadmin,2.0.0.v20110815-1438,"org.eclipse.equinox.frameworkadmin",1362690721484
deactivated,workbench,org.eclipse.ui.workbench,3.7.1.v20120104-1859,"",1362690721642
started,bundle,org.eclipse.equinox.frameworkadmin.equinox,1.0.300.v20110815-1438,"org.eclipse.equinox.frameworkadmin.equinox",1362690726205
activated,workbench,org.eclipse.ui.workbench,3.7.1.v20120104-1859,"",1362690731319
deactivated,workbench,org.eclipse.ui.workbench,3.7.1.v20120104-1859,"",1362690737968
activated,workbench,org.eclipse.ui.workbench,3.7.1.v20120104-1859,"",1362690744855
activated,editor,org.eclipse.m2e.editor,1.3.1.20130219-1424,"org.eclipse.m2e.editor.MavenPomEditor",1362690758720
activated,view,org.eclipse.search,3.7.0.v20110928-1504,"org.eclipse.search.ui.views.SearchView",1362690782431
executed,command,org.eclipse.ui,3.7.0.v20110928-1505,"org.eclipse.ui.file.save",1362690786908
started,bundle,org.eclipse.ui.views.properties.tabbed,3.5.200.v20110928-1505,"org.eclipse.ui.views.properties.tabbed",1362690799867
opened,editor,org.eclipse.jpt.jpa.ui,3.0.2.v201201243020,"org.eclipse.jpt.jpa.ui.internal.editors.PersistenceEditor",1362690802314
activated,editor,org.eclipse.jpt.jpa.ui,3.0.2.v201201243020,"org.eclipse.jpt.jpa.ui.internal.editors.PersistenceEditor",1362690803511
executed,command,org.eclipse.ui.workbench.texteditor,3.7.0.v20110928-1504,"org.eclipse.ui.edit.text.select.wordNext",1362690824639
executed,command,org.eclipse.ui,3.7.0.v20110928-1505,"org.eclipse.ui.file.save",1362690833283
started,bundle,org.eclipse.mylyn.java.tasks,3.6.0.v20110608-1400,"org.eclipse.mylyn.java.tasks",1362690833348
started,bundle,org.eclipse.jst.jsp.ui,1.1.602.v201112071516,"org.eclipse.jst.jsp.ui",1362690833374
activated,view,org.eclipse.ui.navigator.resources,3.4.300.v20110928-1505,"org.eclipse.ui.navigator.ProjectExplorer",1362690835112
deactivated,workbench,org.eclipse.ui.workbench,3.7.1.v20120104-1859,"",1362690837593
activated,workbench,org.eclipse.ui.workbench,3.7.1.v20120104-1859,"",1362690839310
activated,view,org.eclipse.ui.ide,3.7.0.v20110928-1505,"org.eclipse.ui.views.ProblemView",1362690858796
activated,view,org.eclipse.search,3.7.0.v20110928-1504,"org.eclipse.search.ui.views.SearchView",1362690860213
deactivated,workbench,org.eclipse.ui.workbench,3.7.1.v20120104-1859,"",1362690866405
activated,workbench,org.eclipse.ui.workbench,3.7.1.v20120104-1859,"",1362690868204
opened,editor,org.eclipse.jdt.ui,3.7.2.v20120109-1427,"org.eclipse.jdt.ui.CompilationUnitEditor",1362690875159
started,bundle,org.eclipse.jdt.debug,3.7.1.v20111006_r372,"org.eclipse.jdt.debug",1362690876699
started,bundle,org.eclipse.jdt.debug.ui,3.6.1.v20111006_r372,"org.eclipse.jdt.debug.ui",1362690876825
activated,editor,org.eclipse.jdt.ui,3.7.2.v20120109-1427,"org.eclipse.jdt.ui.CompilationUnitEditor",1362690876906
executed,command,org.eclipse.ui,3.7.0.v20110928-1505,"org.eclipse.ui.file.save",1362690879150
activated,view,org.eclipse.search,3.7.0.v20110928-1504,"org.eclipse.search.ui.views.SearchView",1362690891179
started,bundle,org.eclipse.jdt.junit,3.7.0.v20110928-1453,"org.eclipse.jdt.junit",1362690893195
activated,editor,org.eclipse.jdt.ui,3.7.2.v20120109-1427,"org.eclipse.jdt.ui.CompilationUnitEditor",1362690895179
executed,command,org.eclipse.ui,3.7.0.v20110928-1505,"org.eclipse.ui.file.save",1362690896692
activated,view,org.eclipse.search,3.7.0.v20110928-1504,"org.eclipse.search.ui.views.SearchView",1362690898524
closed,editor,org.eclipse.jdt.ui,3.7.2.v20120109-1427,"org.eclipse.jdt.ui.CompilationUnitEditor",1362690904801
opened,editor,org.eclipse.wst.xml.ui,1.1.202.v201112071516,"org.eclipse.wst.xml.ui.internal.tabletree.XMLMultiPageEditorPart",1362690905053
activated,editor,org.eclipse.wst.xml.ui,1.1.202.v201112071516,"org.eclipse.wst.xml.ui.internal.tabletree.XMLMultiPageEditorPart",1362690909919
activated,editor,org.eclipse.jpt.jpa.ui,3.0.2.v201201243020,"org.eclipse.jpt.jpa.ui.internal.editors.PersistenceEditor",1362690916014
closed,editor,org.eclipse.wst.xml.ui,1.1.202.v201112071516,"org.eclipse.wst.xml.ui.internal.tabletree.XMLMultiPageEditorPart",1362690916014
activated,editor,org.eclipse.m2e.editor,1.3.1.20130219-1424,"org.eclipse.m2e.editor.MavenPomEditor",1362690916709
closed,editor,org.eclipse.jpt.jpa.ui,3.0.2.v201201243020,"org.eclipse.jpt.jpa.ui.internal.editors.PersistenceEditor",1362690916710
activated,view,org.eclipse.search,3.7.0.v20110928-1504,"org.eclipse.search.ui.views.SearchView",1362690917312
closed,editor,org.eclipse.m2e.editor,1.3.1.20130219-1424,"org.eclipse.m2e.editor.MavenPomEditor",1362690917313
activated,view,org.eclipse.ui.navigator.resources,3.4.300.v20110928-1505,"org.eclipse.ui.navigator.ProjectExplorer",1362690918837
activated,view,org.eclipse.datatools.connectivity.ui.dse,1.1.4.v201107221459,"org.eclipse.datatools.connectivity.DataSourceExplorerNavigator",1362690926586
started,bundle,org.eclipse.datatools.sqltools.ddlgen.ui,1.0.2.v201201131129,"org.eclipse.datatools.sqltools.ddlgen.ui",1362690931836
activated,view,org.eclipse.ui.navigator.resources,3.4.300.v20110928-1505,"org.eclipse.ui.navigator.ProjectExplorer",1362690935810
deactivated,workbench,org.eclipse.ui.workbench,3.7.1.v20120104-1859,"",1362690945137
activated,workbench,org.eclipse.ui.workbench,3.7.1.v20120104-1859,"",1362690946808
deactivated,workbench,org.eclipse.ui.workbench,3.7.1.v20120104-1859,"",1362690946827
activated,workbench,org.eclipse.ui.workbench,3.7.1.v20120104-1859,"",1362690948440
error,log,,,"Internal Error - org.eclipse.datatools.connectivity",1362690948495
deactivated,workbench,org.eclipse.ui.workbench,3.7.1.v20120104-1859,"",1362690949119
activated,workbench,org.eclipse.ui.workbench,3.7.1.v20120104-1859,"",1362690949156
started,bundle,org.eclipse.m2e.launching,1.3.1.20130219-1424,"org.eclipse.m2e.launching",1362690950617
activated,view,org.eclipse.datatools.connectivity.ui.dse,1.1.4.v201107221459,"org.eclipse.datatools.connectivity.DataSourceExplorerNavigator",1362690959567
started,bundle,org.eclipse.datatools.enablement.sybase.ui,1.0.0.v200906090452,"org.eclipse.datatools.enablement.sybase.ui",1362690959604
activated,view,org.eclipse.ui.navigator.resources,3.4.300.v20110928-1505,"org.eclipse.ui.navigator.ProjectExplorer",1362690967158
deactivated,workbench,org.eclipse.ui.workbench,3.7.1.v20120104-1859,"",1362690968309
started,bundle,org.eclipse.jst.common.project.facet.ui,1.4.200.v201008182133,"org.eclipse.jst.common.project.facet.ui",1362690969958
started,bundle,org.eclipse.wst.common.project.facet.ui,1.4.201.v201201101553,"org.eclipse.wst.common.project.facet.ui",1362690970036
started,bundle,org.eclipse.datatools.connectivity.db.generic.ui,1.0.1.v201107221459,"org.eclipse.datatools.connectivity.db.generic.ui",1362690976020
started,bundle,org.eclipse.datatools.enablement.ibm.db2.luw.ui,1.0.2.v201108130630,"org.eclipse.datatools.enablement.ibm.db2.luw.ui",1362690976265
started,bundle,org.eclipse.datatools.enablement.mysql.ui,1.0.0.v201109022331,"org.eclipse.datatools.enablement.mysql.ui",1362690995841
started,bundle,org.eclipse.datatools.connectivity.apache.derby.ui,1.0.3.v201107221459,"org.eclipse.datatools.connectivity.apache.derby.ui",1362691003721
started,bundle,org.eclipse.datatools.enablement.hsqldb.ui,1.0.0.v201108120600,"org.eclipse.datatools.enablement.hsqldb.ui",1362691003779
started,bundle,org.eclipse.datatools.enablement.ibm.ui,1.0.0.v201107221502,"org.eclipse.datatools.enablement.ibm.ui",1362691003787
started,bundle,org.eclipse.datatools.enablement.ibm.db2.iseries.ui,1.0.1.v201108130630,"org.eclipse.datatools.enablement.ibm.db2.iseries.ui",1362691003788
started,bundle,org.eclipse.datatools.enablement.ibm.db2.zseries.ui,1.0.1.v201108130630,"org.eclipse.datatools.enablement.ibm.db2.zseries.ui",1362691003805
started,bundle,org.eclipse.datatools.enablement.ibm.informix.ui,1.0.2.v201108130630,"org.eclipse.datatools.enablement.ibm.informix.ui",1362691003812
started,bundle,org.eclipse.datatools.enablement.msft.sqlserver.ui,1.0.2.v201201131118,"org.eclipse.datatools.enablement.msft.sqlserver.ui",1362691003819
started,bundle,org.eclipse.datatools.enablement.oracle.ui,1.0.3.v201201131121,"org.eclipse.datatools.enablement.oracle.ui",1362691003836
started,bundle,org.eclipse.datatools.enablement.postgresql.ui,1.0.0.v201107221506,"org.eclipse.datatools.enablement.postgresql.ui",1362691003855
started,bundle,org.eclipse.datatools.enablement.sap.maxdb.ui,1.0.0.v201107221507,"org.eclipse.datatools.enablement.sap.maxdb.ui",1362691003858
started,bundle,org.eclipse.datatools.enablement.sqlite.ui,1.0.0.v201107221507,"org.eclipse.datatools.enablement.sqlite.ui",1362691003872
executed,command,org.eclipse.ui,3.7.0.v20110928-1505,"org.eclipse.ui.edit.paste",1362691068766
activated,workbench,org.eclipse.ui.workbench,3.7.1.v20120104-1859,"",1362691089027
executed,command,org.eclipse.ui,3.7.0.v20110928-1505,"org.eclipse.ui.file.properties",1362691089043
activated,view,org.eclipse.ui.ide,3.7.0.v20110928-1505,"org.eclipse.ui.views.ProblemView",1362691091875
activated,view,org.eclipse.ui.navigator.resources,3.4.300.v20110928-1505,"org.eclipse.ui.navigator.ProjectExplorer",1362691097403
opened,editor,org.eclipse.jdt.ui,3.7.2.v20120109-1427,"org.eclipse.jdt.ui.CompilationUnitEditor",1362691099005
activated,editor,org.eclipse.jdt.ui,3.7.2.v20120109-1427,"org.eclipse.jdt.ui.CompilationUnitEditor",1362691099116
activated,view,org.eclipse.ui.navigator.resources,3.4.300.v20110928-1505,"org.eclipse.ui.navigator.ProjectExplorer",1362691105876
activated,view,org.eclipse.ui.ide,3.7.0.v20110928-1505,"org.eclipse.ui.views.ProblemView",1362691117739
activated,editor,org.eclipse.jdt.ui,3.7.2.v20120109-1427,"org.eclipse.jdt.ui.CompilationUnitEditor",1362691118830
activated,view,org.eclipse.ui.navigator.resources,3.4.300.v20110928-1505,"org.eclipse.ui.navigator.ProjectExplorer",1362691131163
deactivated,workbench,org.eclipse.ui.workbench,3.7.1.v20120104-1859,"",1362691141395
activated,workbench,org.eclipse.ui.workbench,3.7.1.v20120104-1859,"",1362691143182
deactivated,workbench,org.eclipse.ui.workbench,3.7.1.v20120104-1859,"",1362691159187
activated,workbench,org.eclipse.ui.workbench,3.7.1.v20120104-1859,"",1362691210583
activated,view,org.eclipse.datatools.connectivity.ui.dse,1.1.4.v201107221459,"org.eclipse.datatools.connectivity.DataSourceExplorerNavigator",1362691214156
activated,view,org.eclipse.ui.navigator.resources,3.4.300.v20110928-1505,"org.eclipse.ui.navigator.ProjectExplorer",1362691216888
deactivated,workbench,org.eclipse.ui.workbench,3.7.1.v20120104-1859,"",1362691222855
activated,workbench,org.eclipse.ui.workbench,3.7.1.v20120104-1859,"",1362691224001
deactivated,workbench,org.eclipse.ui.workbench,3.7.1.v20120104-1859,"",1362691224021
activated,workbench,org.eclipse.ui.workbench,3.7.1.v20120104-1859,"",1362691225985
deactivated,workbench,org.eclipse.ui.workbench,3.7.1.v20120104-1859,"",1362691238913
activated,workbench,org.eclipse.ui.workbench,3.7.1.v20120104-1859,"",1362691239954
deactivated,workbench,org.eclipse.ui.workbench,3.7.1.v20120104-1859,"",1362691239978
activated,workbench,org.eclipse.ui.workbench,3.7.1.v20120104-1859,"",1362691241027
activated,view,org.eclipse.datatools.connectivity.ui.dse,1.1.4.v201107221459,"org.eclipse.datatools.connectivity.DataSourceExplorerNavigator",1362691249218
activated,view,org.eclipse.ui.navigator.resources,3.4.300.v20110928-1505,"org.eclipse.ui.navigator.ProjectExplorer",1362691257162
no handler,command,org.eclipse.ui,3.7.0.v20110928-1505,"org.eclipse.ui.file.refresh",1362691259421
activated,view,org.eclipse.datatools.connectivity.ui.dse,1.1.4.v201107221459,"org.eclipse.datatools.connectivity.DataSourceExplorerNavigator",1362691261399
activated,view,org.eclipse.ui.navigator.resources,3.4.300.v20110928-1505,"org.eclipse.ui.navigator.ProjectExplorer",1362691281945
opened,editor,org.eclipse.jdt.ui,3.7.2.v20120109-1427,"org.eclipse.jdt.ui.CompilationUnitEditor",1362691283044
activated,editor,org.eclipse.jdt.ui,3.7.2.v20120109-1427,"org.eclipse.jdt.ui.CompilationUnitEditor",1362691283133
executed,command,org.eclipse.ui,3.7.0.v20110928-1505,"org.eclipse.ui.file.save",1362691300396
activated,view,org.eclipse.wst.server.ui,1.3.0.v20120210_1439,"org.eclipse.wst.server.ui.ServersView",1362691302810
executed,command,org.eclipse.wst.server.ui,1.3.0.v20120210_1439,"org.eclipse.wst.server.run",1362691302898
started,bundle,org.eclipse.jst.server.tomcat.ui,1.1.200.v20100418,"org.eclipse.jst.server.tomcat.ui",1362691304861
deactivated,workbench,org.eclipse.ui.workbench,3.7.1.v20120104-1859,"",1362691308709
activated,workbench,org.eclipse.ui.workbench,3.7.1.v20120104-1859,"",1362691309939
deactivated,workbench,org.eclipse.ui.workbench,3.7.1.v20120104-1859,"",1362691320806
activated,workbench,org.eclipse.ui.workbench,3.7.1.v20120104-1859,"",1362691351233
activated,view,org.eclipse.ui.navigator.resources,3.4.300.v20110928-1505,"org.eclipse.ui.navigator.ProjectExplorer",1362691352375
activated,view,org.eclipse.wst.server.ui,1.3.0.v20120210_1439,"org.eclipse.wst.server.ui.ServersView",1362691354023
deactivated,workbench,org.eclipse.ui.workbench,3.7.1.v20120104-1859,"",1362691360466
activated,workbench,org.eclipse.ui.workbench,3.7.1.v20120104-1859,"",1362691372663
deactivated,workbench,org.eclipse.ui.workbench,3.7.1.v20120104-1859,"",1362691375036
activated,workbench,org.eclipse.ui.workbench,3.7.1.v20120104-1859,"",1362691377497
opened,editor,org.eclipse.wst.server.ui,1.3.0.v20120210_1439,"org.eclipse.wst.server.ui.editor",1362691378715
activated,editor,org.eclipse.wst.server.ui,1.3.0.v20120210_1439,"org.eclipse.wst.server.ui.editor",1362691378810
deactivated,workbench,org.eclipse.ui.workbench,3.7.1.v20120104-1859,"",1362691393869
activated,workbench,org.eclipse.ui.workbench,3.7.1.v20120104-1859,"",1362691407365
activated,view,org.eclipse.ui.navigator.resources,3.4.300.v20110928-1505,"org.eclipse.ui.navigator.ProjectExplorer",1362691410379
activated,view,org.eclipse.datatools.connectivity.ui.dse,1.1.4.v201107221459,"org.eclipse.datatools.connectivity.DataSourceExplorerNavigator",1362691412079
activated,view,org.eclipse.ui.navigator.resources,3.4.300.v20110928-1505,"org.eclipse.ui.navigator.ProjectExplorer",1362691416045
opened,editor,org.eclipse.jdt.ui,3.7.2.v20120109-1427,"org.eclipse.jdt.ui.CompilationUnitEditor",1362691418105
activated,editor,org.eclipse.jdt.ui,3.7.2.v20120109-1427,"org.eclipse.jdt.ui.CompilationUnitEditor",1362691418207
deactivated,workbench,org.eclipse.ui.workbench,3.7.1.v20120104-1859,"",1362691420290
activated,workbench,org.eclipse.ui.workbench,3.7.1.v20120104-1859,"",1362691422541
deactivated,workbench,org.eclipse.ui.workbench,3.7.1.v20120104-1859,"",1362691423432
activated,workbench,org.eclipse.ui.workbench,3.7.1.v20120104-1859,"",1362691428434
activated,view,org.eclipse.datatools.connectivity.ui.dse,1.1.4.v201107221459,"org.eclipse.datatools.connectivity.DataSourceExplorerNavigator",1362691435868
deactivated,workbench,org.eclipse.ui.workbench,3.7.1.v20120104-1859,"",1362691436596
activated,workbench,org.eclipse.ui.workbench,3.7.1.v20120104-1859,"",1362691445601
activated,editor,org.eclipse.jdt.ui,3.7.2.v20120109-1427,"org.eclipse.jdt.ui.CompilationUnitEditor",1362691448579
activated,view,org.eclipse.datatools.connectivity.ui.dse,1.1.4.v201107221459,"org.eclipse.datatools.connectivity.DataSourceExplorerNavigator",1362691450473
started,bundle,org.eclipse.datatools.sqltools.tabledataeditor,1.0.1.v201005250945,"org.eclipse.datatools.sqltools.tabledataeditor",1362691457161
started,bundle,org.eclipse.datatools.sqltools.data.ui,1.2.1.v201010270945,"org.eclipse.datatools.sqltools.data.ui",1362691457184
activated,view,org.eclipse.datatools.sqltools.result.ui,1.1.2.v201110010535,"org.eclipse.datatools.sqltools.result.resultView",1362691463211
activated,view,org.eclipse.ui.console,3.5.100.v20111007_r372,"org.eclipse.ui.console.ConsoleView",1362691469136
activated,view,org.eclipse.datatools.connectivity.ui.dse,1.1.4.v201107221459,"org.eclipse.datatools.connectivity.DataSourceExplorerNavigator",1362691470769
activated,view,org.eclipse.datatools.sqltools.result.ui,1.1.2.v201110010535,"org.eclipse.datatools.sqltools.result.resultView",1362691475032
activated,view,org.eclipse.wst.server.ui,1.3.0.v20120210_1439,"org.eclipse.wst.server.ui.ServersView",1362691479666
executed,command,org.eclipse.wst.server.ui,1.3.0.v20120210_1439,"org.eclipse.wst.server.stop",1362691479755
activated,editor,org.eclipse.jdt.ui,3.7.2.v20120109-1427,"org.eclipse.jdt.ui.CompilationUnitEditor",1362691482176
activated,view,org.eclipse.ui.navigator.resources,3.4.300.v20110928-1505,"org.eclipse.ui.navigator.ProjectExplorer",1362691484521
